TrialID,accuracy,certainty,precision,recall,F1,precision_AD,precision_AR,ratio_aff_parent threshold,ratio_aff_parent direction,ratio_aff_parent auc,sibling_aff_ratio threshold,sibling_aff_ratio direction,sibling_aff_ratio auc,gen_cov threshold,gen_cov direction,gen_cov auc,avg_bet_unaff threshold,avg_bet_unaff direction,avg_bet_unaff auc,aff_gen_clustering threshold,aff_gen_clustering direction,aff_gen_clustering auc
0,0.61,0.98,0.6224489795918368,0.61,0.6161616161616161,0.5487804878048781,1.0,0.14285714285714285,HIGH->AD,0.7461415846225973,0.16666666666666666,HIGH->AD,0.6522831692451946,1.0,HIGH->AD,0.760500078137209,0.00021645021645021645,HIGH->AR,0.6755993123925612,0.058823529411764705,HIGH->AD,0.7675136740115643
1,0.675,0.985,0.6852791878172588,0.675,0.6801007556675063,0.6287425149700598,1.0,0.2,HIGH->AD,0.7479557900527619,0.14285714285714285,HIGH->AD,0.6897489435122903,1.0,HIGH->AD,0.7641281788402392,0.00030193236714975844,HIGH->AR,0.6527343652321772,0.07142857142857142,HIGH->AD,0.8041934435247932
2,0.685,0.97,0.7061855670103093,0.685,0.6954314720812182,0.62,1.0,0.2,HIGH->AD,0.7354133333333333,0.18181818181818182,HIGH->AD,0.6630462745098038,1.0,HIGH->AD,0.7688564705882354,0.0002587991718426501,HIGH->AR,0.6551843137254902,0.0625,HIGH->AD,0.8007121568627451
